N,law_expected_utility,mc_expected_utility,abs_error,mc_se_utility
1,0.18571428571428575,0.18525600000000003,0.00045828571428571663,0.0024805351641829284
2,0.32653061224489804,0.32780400000000004,0.0012733877551019956,0.0026608210578894786
4,0.4452311536859643,0.44632,0.0010888463140357185,0.002800382114926386
8,0.5229372184746707,0.521904,0.0010332184746706385,0.002849810774107279
16,0.5481634774362217,0.549252,0.001088522563778227,0.0028476765951068977
32,0.54999156737388,0.5527639999999999,0.002772432626119925,0.0028461149707938852
64,0.5499999998222271,0.5481279999999998,0.0018719998222272993,0.0028460821899575
