epoch,loss
1,0.2921424061059952
2,0.2631629966199398
3,0.2300674095749855
4,0.19193872809410095
5,0.15001708641648293
