split,condition_split,future_trajectory_mse,final_state_error,utility_rank_correlation,selected_tail_calibration_error,sample_diversity,negative_log_proxy,denoising_loss_proxy,ensemble_size,heldout_conditions,ensemble_disagreement_mean
train,train,0.15959815680980682,0.7290440201759338,,,0.06324734538793564,-1.8350898771269584,0.15959815680980682,3,0,
validation,validation,0.15219655632972717,0.742341935634613,,,0.061069004237651825,-1.8825758893356974,0.15219655632972717,3,0,
test,test,0.16203589737415314,0.7593228220939636,,,0.0614197663962841,-1.8199312081146348,0.16203589737415314,3,0,
heldout_selection,heldout_by_seed_condition,,,-0.363190183383779,1.2208496672191274,0.1051612874182562,,,3,48,0.06134205262242176
