split,condition_split,future_trajectory_mse,final_state_error,utility_rank_correlation,selected_tail_calibration_error,sample_diversity,negative_log_proxy,denoising_loss_proxy,ensemble_size,heldout_conditions,ensemble_disagreement_mean
train,train,0.15614961087703705,0.7354013919830322,,,0.06611256301403046,-1.85693428314391,0.15614961087703705,3,0,
validation,validation,0.149217888712883,0.7490018010139465,,,0.06331433355808258,-1.9023409992732754,0.149217888712883,3,0,
test,test,0.15936210751533508,0.7662209868431091,,,0.06305796653032303,-1.8365699853652437,0.15936210751533508,3,0,
heldout_selection,heldout_by_seed_condition,,,-0.3883006269749256,1.2326492438468364,0.11620699154833952,,,3,48,0.0647493989575499
