ensemble_id,epoch,loss
0,1,0.29614385962486267
0,2,0.26109545305371284
0,3,0.22062838077545166
0,4,0.17550604790449142
0,5,0.1330757588148117
1,1,0.2871674485504627
1,2,0.25934937596321106
1,3,0.2294679619371891
1,4,0.19322752952575684
1,5,0.15235359966754913
2,1,0.2921809032559395
2,2,0.2617134489119053
2,3,0.2278616949915886
2,4,0.18650339543819427
2,5,0.14014586992561817
