{
  "adaptive_gate_rows": 63,
  "artifact_files": 73,
  "benchmark_anti_negative_rows": 1,
  "benchmark_candidate_rows": 1152,
  "benchmark_curve_rows": 1134,
  "benchmark_envs": 3,
  "benchmark_eval_pools": 18,
  "benchmark_law_max_abs_error": 0.013900772709148301,
  "benchmark_lcb_min_ci_lo": -0.031277993884532056,
  "benchmark_positive_ci_rows": 4,
  "calibration_rows": 9,
  "controlled_gap_closed_budget128": 0.9052290452549766,
  "controlled_gap_closed_budget32": 0.9092959092723352,
  "denoising_rows": 28,
  "exact_law_max_abs_error": 0.0027724326261199,
  "good_raw_n64_real": 0.9812658482939394,
  "law_trials": 25000,
  "learned_cal_n64_real": 0.5996296033263206,
  "learned_gap_closed_budget32": 0.9177722497089994,
  "learned_heldout_rank_correlation": -0.4074477556628908,
  "learned_heldout_sample_diversity": 0.1360073788712422,
  "learned_raw_n64_high_regret": 0.9235874954223012,
  "learned_raw_n64_imagined": 1.0483630361656349,
  "learned_raw_n64_real": -0.7818422410055064,
  "learned_raw_n64_tail_gap": 1.4474802136012337,
  "learned_tail_calibration_error": 1.297833208106468,
  "learned_test_final_state_error": 0.7565119862556458,
  "learned_test_mse": 0.1585381925106048,
  "main_metric_rows": 84,
  "mode_collapsed_n64_tail_gap": 0.8407781332498417,
  "optimistic_raw_n64_high_regret": 0.1325801329997679,
  "optimistic_raw_n64_imagined": 1.375281237065792,
  "optimistic_raw_n64_real": 0.5329077703257401,
  "optimistic_raw_n64_tail_gap": 0.6405126679383102,
  "oracle_feature_gap_closed": 1.0,
  "partial_claims": 0,
  "pilot_repair_rows": 9,
  "plausibility_biased_n64_tail_gap": 1.0776610020305573,
  "result_table_files": 11,
  "run_conditions": 24,
  "run_elapsed_seconds": 267.3014411999611,
  "run_seeds": 4,
  "seed_rows": 336,
  "supported_claims": 12,
  "training_loss_first": 0.2997407987713814,
  "training_loss_last": 0.1405856888741254,
  "unsupported_boundary_claims": 5,
  "v4_figure_files": 8
}
