{
  "losses": [
    0.2921424061059952,
    0.2631629966199398,
    0.2300674095749855,
    0.19193872809410095,
    0.15001708641648293
  ],
  "train_samples": 256
}
