{
  "losses": [
    0.29614385962486267,
    0.26109545305371284,
    0.22062838077545166,
    0.17550604790449142,
    0.1330757588148117
  ],
  "losses_by_model": [
    [
      0.29614385962486267,
      0.26109545305371284,
      0.22062838077545166,
      0.17550604790449142,
      0.1330757588148117
    ],
    [
      0.2871674485504627,
      0.25934937596321106,
      0.2294679619371891,
      0.19322752952575684,
      0.15235359966754913
    ],
    [
      0.2921809032559395,
      0.2617134489119053,
      0.2278616949915886,
      0.18650339543819427,
      0.14014586992561817
    ]
  ],
  "train_samples": 256
}
