{
  "losses": [
    0.29381144791841507,
    0.2619123347103596,
    0.22508523985743523,
    0.18477188795804977,
    0.1409534215927124
  ],
  "losses_by_model": [
    [
      0.29381144791841507,
      0.2619123347103596,
      0.22508523985743523,
      0.18477188795804977,
      0.1409534215927124
    ],
    [
      0.2871674485504627,
      0.25934937596321106,
      0.2294679619371891,
      0.19322752952575684,
      0.15235359966754913
    ],
    [
      0.2921809032559395,
      0.2617134489119053,
      0.2278616949915886,
      0.18650339543819427,
      0.14014586992561817
    ]
  ],
  "train_samples": 256
}
