{
  "losses": [
    0.2997407987713814,
    0.2643708363175392,
    0.22702118381857872,
    0.18497195839881897,
    0.14058568887412548
  ],
  "losses_by_model": [
    [
      0.2997407987713814,
      0.2643708363175392,
      0.22702118381857872,
      0.18497195839881897,
      0.14058568887412548
    ],
    [
      0.2871674485504627,
      0.25934937596321106,
      0.2294679619371891,
      0.19322752952575684,
      0.15235359966754913
    ],
    [
      0.2921809032559395,
      0.2617134489119053,
      0.2278616949915886,
      0.18650339543819427,
      0.14014586992561817
    ]
  ],
  "train_samples": 256
}
