{
  "mode": "full",
  "elapsed_seconds": 326.09817050001584,
  "settings": {
    "seeds": [
      0,
      1,
      2,
      3
    ],
    "n_conditions": 24,
    "train_samples": 256,
    "train_epochs": 5,
    "law_trials": 25000,
    "learned_steps": 8
  },
  "training_losses": [
    0.29614385962486267,
    0.26109545305371284,
    0.22062838077545166,
    0.17550604790449142,
    0.1330757588148117
  ],
  "training_losses_by_model": [
    [
      0.29614385962486267,
      0.26109545305371284,
      0.22062838077545166,
      0.17550604790449142,
      0.1330757588148117
    ],
    [
      0.2871674485504627,
      0.25934937596321106,
      0.2294679619371891,
      0.19322752952575684,
      0.15235359966754913
    ],
    [
      0.2921809032559395,
      0.2617134489119053,
      0.2278616949915886,
      0.18650339543819427,
      0.14014586992561817
    ]
  ],
  "figures": [
    "figures\\figure1_tail_hallucination.png",
    "figures\\figure2_repair_comparison.png",
    "figures\\figure3_tail_diagnostics.png",
    "figures\\figure4_denoising_vs_selection.png",
    "figures\\figure5_exact_law_validation.png",
    "figures\\figure6_pilot_repair_gap_closure.png",
    "figures\\figure7_adaptive_n_gate.png",
    "figures\\figure8_calibration_reliability.png",
    "figures\\figure9_near_oracle_ablation.png"
  ],
  "tables": [
    "results/tables/main_metrics.csv",
    "results/tables/seed_metrics.csv",
    "results/tables/learned_metrics.csv",
    "results/tables/denoising_grid.csv",
    "results/tables/exact_law_validation.csv",
    "results/tables/pilot_repair_metrics.csv",
    "results/tables/gap_closure_by_budget.csv",
    "results/tables/adaptive_n_metrics.csv",
    "results/tables/calibration_diagnostics.csv",
    "results/tables/learned_generalization_metrics.csv"
  ]
}
